{
  "rules": {
    "member-access": true,
    "member-ordering": [
      true,
      "public-before-private",
      "variables-before-functions"
    ],
    "no-any": false,
    "no-inferrable-types": [
      false
    ],
    "no-internal-module": true,
    "no-namespace": [
      true,
      "allow-declarations"
    ],
    "no-reference": true,
    "no-var-requires": true,
    "only-arrow-functions": [
      true,
      "allow-declarations"
    ],
    "typedef": [
      true,
      "call-signature",
      "parameter",
      "property-declaration",
      "member-variable-declaration"
    ],
    "typedef-whitespace": [
      true,
      {
        "call-signature": "nospace",
        "index-signature": "nospace",
        "parameter": "nospace",
        "property-declaration": "nospace",
        "variable-declaration": "nospace"
      },
      {
        "call-signature": "space",
        "index-signature": "space",
        "parameter": "space",
        "property-declaration": "space",
        "variable-declaration": "space"
      }
    ],
    "ban": false,
    "curly": true,
    "forin": true,
    "label-position": true,
    "no-arg": true,
    "no-bitwise": true,
    "no-conditional-assignment": true,
    "no-console": [
      true,
      "log",
      "error",
      "debug",
      "info",
      "time",
      "timeEnd",
      "trace"
    ],
    "no-construct": true,
    "no-debugger": true,
    "no-duplicate-variable": true,
    "no-empty": true,
    "no-eval": true,
    "no-invalid-this": [
      true,
      "check-function-in-method"
    ],
    "no-null-keyword": false,
    "no-shadowed-variable": true,
    "no-string-literal": false,
    "no-switch-case-fall-through": true,
    "no-unreachable": true,
    "no-unsafe-finally": true,
    "no-unused-expression": true,
    "no-unused-new": false,
    "no-unused-variable": true,
    "no-use-before-declare": true,
    "no-var-keyword": true,
    "radix": false,
    "switch-default": true,
    "triple-equals": [
      true,
      "allow-null-check",
      "allow-undefined-check"
    ],
    "use-isnan": true,
    "eofline": true,
    "indent": [
      true,
      "spaces"
    ],
    "max-line-length": [
      true,
      1000000
    ],
    "no-default-export": false,
    "no-mergeable-namespace": true,
    "no-require-imports": false,
    "no-trailing-whitespace": true,
    "object-literal-sort-keys": false,
    "trailing-comma": [
      false,
      {
        "multiline": "always",
        "singleline": "never"
      }
    ],
    "align": [
      true,
      "parameters",
      "arguments",
      "statements"
    ],
    "arrow-parens": false,
    "class-name": true,
    "comment-format": [
      true,
      "check-space",
      "check-lowercase"
    ],
    "interface-name": [
      true,
      "always-prefix"
    ],
    "jsdoc-format": true,
    "new-parens": true,
    "no-angle-bracket-type-assertion": true,
    "no-consecutive-blank-lines": [
      true
    ],
    "object-literal-shorthand": true,
    "one-line": [
      true,
      "check-open-brace",
      "check-catch",
      "check-else",
      "check-finally",
      "check-whitespace"
    ],
    "one-variable-per-declaration": [
      true,
      "ignore-for-loop"
    ],
    "quotemark": [
      true,
      "single",
      "avoid-escape"
    ],
    "semicolon": [
      true,
      "always"
    ],
    "variable-name": [
      true,
      "ban-keywords",
      "check-format",
      "allow-leading-underscore"
    ],
    "whitespace": [
      true,
      "check-branch",
      "check-decl",
      "check-operator",
      "check-module",
      "check-separator",
      "check-type",
      "check-typecast"
    ]
  }
}